Tim Burton,director,none,none
James Marshall,director,none,none
Gandja Monteiro,director,none,none
Charles Addams,writer,none,none
Alfred Gough,writer,none,none
Miles Millar,writer,none,none
Kayla Alpert,writer,none,none
April Blair,writer,none,none
Matt Lambert,writer,none,none
Jenna Ortega,actor/actress main,clairvoyance,none
Gwendoline Christie,actor/actress main,human,none
Riki Lindhome,actor/actress main,human,none
Emma Myers,actor/actress main,werewolf,none
Joy Sunday,actor/actress main,siren,none
Naomi J. Ogawa,actor/actress main,vampire,none
Christina Ricci,actor/actress main,human,none
Jamie McShane,actor/actress main,human,none
Hunter Doohan,actor/actress main,human,none
Percy Hynes White,actor/actress main,human,none
Georgie Farmer,actor/actress main,human,none
Johnna Dias-Watson,actor/actress,siren,none
Oliver Watson,actor/actress,siren,none
Victor Dorobantu,actor/actress,human,none
Moosa Mostafa,actor/actress main,human,none
Daniel Himschoot,actor/actress,human,none
Luyanda Unati Lewis-Nyawo,actor/actress,human,none
Iman Marson,actor/actress,human,none
Calum Ross,actor/actress,human,none
Cezar Grumazescu,actor/actress,human,none
Tommie Earl Jenkins,actor/actress,human,none
Catherine Zeta-Jones,actor/actress,clairvoyance,none
Morgan Beale,actor/actress,human,none
George Burcea,actor/actress,human,none
Islam Bouakkaz,actor/actress,human,none
William Houston,actor/actress,human,none
Karina Varadi,actor/actress,clairvoyance,none
Rina Mahoney,actor/actress,human,none
Georgia Goodman,actor/actress,human,none
Murray McArthur,actor/actress,human,none
Fred Armisen,actor/actress,human,none
Luis Guzman,actor/actress,human,none
Olimpia Malai,actor/actress,human,none
Isaac Ordonez,actor/actress,human,none
Nitin Ganatra,actor/actress,human,none
Lucius Hoyos,actor/actress,human,none
Cheherezade Valentine Okotaka Ebale,actor/actress,human,none
Oliver Wickham,actor/actress,human,none
Edward Kennedy,actor/actress,vampire,none
Ismail Kesu,actor/actress,human,none
Caroline Lawrie,actor/actress,human,none
Lachele Carl,actor/actress,human,none
Gwen Jones,actor/actress,clairvoyance,none
Lisa O'Hare,actor/actress,human,none
Sophia Nomvete,actor/actress,human,none
Ichiro Yuki,actor/actress,vampire,none
Amanda Drew,actor/actress,werewolf,none
Ryan Ellsworth,actor/actress,werewolf,none
Gloria Garcia,actor/actress,human,none
Gracy Goldman,actor/actress,siren,none
Lewis Hayes,actor/actress,human,none
Philip Rosch,actor/actress,human,none
Michael Okele,actor/actress,human,none
Chloe Cate,actor/actress,human,none
Kayla Alpert,executive producer,none,none
Gail Berman,executive producer,none,none
Tim Burton,executive producer,none,none
Jonathan Glickman,executive producer,none,none
Carla Gonz�lez Vargas,co-executive producer,none,none
Alfred Gough,executive producer,none,none
Tommy Harper,executive producer,none,none
Nick Iannelli,co-producer,none,none
Kevin Lafferty,executive producer,none,none
Miles Millar,executive producer,none,none
David Minkowski,co-executive producer,none,none
Kevin Miserocchi,executive producer,none,none
Andrew Mittman,executive producer,none,none
Carmen Pepelea,producer,none,none
Steve Stark,executive producer,none,none
Natalie Testa,associate producer,none,none
Todd Williams,co-executive producer,none,none
Chris Bacon,music,none,none
Danny Elfman,music,none,none
Stephan Pehrsson,cinematography,none,none
David Lanzenberg,cinematography,none,none
Ana Yavari,film editing,none,none
Jay Prychidny,film editing,none,none
Paul G. Day,film editing,none,none
Florina Fernandes,casting,none,none
Sophie Holland,casting,none,none
John Papsidera,casting,none,none
Mark Scruton,production design,none,none
Adrian Curelea,supervising art director,none,none
Ghinea Diana,art direction,none,none
Silvia Nancu,art direction,none,none
Andrei-Florian Popa,assistant art director / additional standby art director,none,none
Serban Porupca,senior art director (8 episodes 2022),none,none
Vlad Roseanu,on-set art director / art director (8 episodes 2022),none,none
Roxana Alexandru,art direction (3 episodes 2022),none,none
Carmen Ratoi,art direction (3 episodes 2022),none,none
Laurentiu Zarnoianu,set direction (8 episodes 2022),none,none
David Morison,set direction (4 episodes 2022),none,none
Rob Hepburn,set direction (4 episodes 2022),none,none
Colleen Atwood,costume design (8 episodes 2022),none,none
Bianca Boeroiu,makeup artist (8 episodes 2022),none,none
Catalin Ciutu,hair stylist supervisor: crowd (8 episodes 2022),none,none
Natalie L Costello,special makeup effects artist (8 episodes 2022),none,none
Julian Hutcheson,special makeup effects artist (8 episodes 2022),none,none
Nirvana Jalalvand,hair & makeup artist: main team (8 episodes 2022),none,none
Grace McComisky,prosthetic artist / prosthetic makeup artist (8 episodes 2022),none,none
Tara McDonald,hair & makeup designer (8 episodes 2022),none,none
Dominic Mombrun,dental effects designer & fabricator (8 episodes 2022),none,none
Angela Ruiz Morales,prosthetics artist (8 episodes 2022),none,none
Paraschiv Oana,makeup artist (8 episodes 2022),none,none
Alexandru Sassu,assistant makeup artist (8 episodes 2022),none,none
Bas Schwarz,special effects makeup artist: mouldmaker & props (8 episodes 2022),none,none
Rub�n Serra,special makeup effects artist (8 episodes 2022),none,none
Margo Stefan,hair stylist (8 episodes 2022),none,none
Viktoria Stieber,prosthetic makeup artist (8 episodes 2022),none,none
Sinead Sweeney,SFX contact lens coordinator (8 episodes 2022),none,none
Iuliana Temelie,hair stylist (8 episodes 2022),none,none
Clara Tudose,hair & makeup artist (8 episodes 2022),none,none
Raquel �lvarez,prosthetic makeup sculptor (8 episodes 2022),none,none
Freda Ellis,makeup supervisor (6 episodes 2022),none,none
Ripley Dale-Gulston,junior hair & makeup artist (6 episodes 2022),none,none
Olimpia Stoicea,hair & makeup artist: main team (6 episodes 2022),none,none
Tia Costell,junior hair & makeup artist (4 episodes 2022),none,none
Susan Cole,personal hair stylist: Luis Guzman (4 episodes 2022),none,none
Jean Carlos de Blas,key hair & makeup artist (4 episodes 2022),none,none
Gabriella Havens,makeup artist (3 episodes 2022),none,none
Sheherezada Kouchaki,makeup artist (4 episodes 2022),none,none
Raluca Moldoveanu,makeup artist (4 episodes 2022),none,none
Andrea Dardea Tesdall,special makeup effects artist (3 episodes 2022),none,none
Nicoleta Toader,hair stylist: cast (4 episodes 2022),none,none
Natalie Fox,additional hair & makeup artist (2 episodes 2022),none,none
Niki De Jong,prosthetic makeup artist (1 episode 2022),none,none
Ionel Popa,special makeup effects artist (1 episode 2022),none,none
Athina Sapanidis,prosthethic makeup artist (1 episode 2022),none,none
Razvan Badea,unit production manager / production manager (8 episodes 2022),none,none
Irene Iovan Calangiu,health & safety unit production manager: covid (8 episodes 2022),none,none
Alexandru Cseh,production manager: second unit (8 episodes 2022),none,none
Emma Mallett,unit production manager: additional photography (1 episode 2022),none,none
Alexandru Acsinte,assistant director (8 episodes 2022),none,none
Emilie Balusson,second second assistant director / co-second assistant director (8 episodes 2022),none,none
Bianca Bumbacea,assistant director (8 episodes 2022),none,none
Simona Dinu,second assistant director (8 episodes 2022),none,none
Mariana Grama,crowd second assistant director (8 episodes 2022),none,none
Mircea Hategan,first assistant director (8 episodes 2022),none,none
Stefania Ispas,trainee assistant director (8 episodes 2022),none,none
Loyzo,third assistant director (8 episodes 2022),none,none
Raphael Tudor,third assistant director (8 episodes 2022),none,none
Costin Sforaru,assistant director (7 episodes 2022),none,none
Sabina Balan,crowd first assistant director (6 episodes 2022),none,none
Brett Chan,second unit director (6 episodes 2022),none,none
Ada Dumitru,cast assistant (6 episodes 2022),none,none
Emyr Glyn Rees,second assistant director / first assistant director (6 episodes 2022),none,none
Jessica Kirec,second assistant director (4 episodes 2022),none,none
George Walker,first assistant director (4 episodes 2022),none,none
Richard O'Brien-Moran,first assistant director (2 episodes 2022),none,none
Mihaela Ionita,second assistant director (2 episodes 2022),none,none
Alexandra Popa,crowd second assistant director (1 episode 2022),none,none
Alexandru Trandafira,crowd assistant director (2 episodes 2022),none,none
Sucioaia Alexandra,set dressing painter (8 episodes 2022),none,none
Tache Alexandru,graphic designer (8 episodes 2022),none,none
Corneliu Mihai Bonciu,sculptor (8 episodes 2022),none,none
Rachel Garlick,storyboard artist (8 episodes 2022),none,none
Florin Gavrila,lead set dressing painter (8 episodes 2022),none,none
Adi Handac,property master (8 episodes 2022),none,none
Dana Ilie,art department manager (8 episodes 2022),none,none
Alexandru Titus Ipate,action vehicles supervisor (8 episodes 2022),none,none
Simona Maican,art department coordinator (8 episodes 2022),none,none
Cristian Mihaila,assistant set decorator / set decoration buyer (8 episodes 2022),none,none
Cosmin Miroiu,head of greenery (8 episodes 2022),none,none
Amalia Mititelu,set dressing painter (8 episodes 2022),none,none
Pietro Nume,concept artist (8 episodes 2022),none,none
Iulia Petrescu,assistant set decorator (8 episodes 2022),none,none
Madalina Ripanu,clearance coordinator (8 episodes 2022),none,none
Geaniloni Sandru,lead painter (8 episodes 2022),none,none
Eusebiu Sirbu,head graphic designer (8 episodes 2022),none,none
Cristina Stefan,graphic designer (8 episodes 2022),none,none
Alexandra Tudor,assistant art director (8 episodes 2022),none,none
Laurentiu Zarnoianu,leadman (8 episodes 2022),none,none
Liviu Antonescu,graphic designer (6 episodes 2022),none,none
Madalina Ciosu,set designer (6 episodes 2022),none,none
Tudor Iordachescu,set designer (6 episodes 2022),none,none
Anca Iscru,set designer (6 episodes 2022),none,none
Ana Neag,assistant art director (6 episodes 2022),none,none
Iulia Pasarica,assistant art director (6 episodes 2022),none,none
Andreea Siminea,set designer (6 episodes 2022),none,none
Amy Lockwood,assistant set decorator (4 episodes 2022),none,none
Andrew Cherry,storyboard artist (3 episodes 2022),none,none
Cristian Darstar,storyboard artist (3 episodes 2022),none,none
Adrian Curelea,supervising art director (2 episodes 2022),none,none
Serban Porupca,senior art director (2 episodes 2022),none,none
Radu Costache,assistant property master (1 episode 2022),none,none
Jennifer Keen,first set decoration buyer (1 episode 2022),none,none
Karen Krizanovich,production design researcher (1 episode 2022),none,none
Ben Livingstone,illustrator (1 episode 2022),none,none
Yohann Angelvy,french casting mixer (8 episodes 2022),none,none
Michael Baskerville,re-recording mixer (8 episodes 2022),none,none
Nicolae Comarzan,sound mixer: second unit (8 episodes 2022),none,none
Tony Diaz,adr mixer (8 episodes 2022),none,none
Arturo A. Fuenmayor,re-recording mix assistant / additional re-recording mixer (8 episodes 2022),none,none
Alastair Gray,dialogue editor (8 episodes 2022),none,none
Justin Helle,foley mixer (8 episodes 2022),none,none
John Loranger,supervising sound editor (8 episodes 2022),none,none
Liviu Lupsa,sound mixer (8 episodes 2022),none,none
Kristi McIntyre,adr editor / sound effects editor (8 episodes 2022),none,none
Sean Miller,adr recordist (8 episodes 2022),none,none
Faustine Pelipel,assistant sound editor (8 episodes 2022),none,none
Dan Sexton,sound effects editor (8 episodes 2022),none,none
Alex Stylianou,adr recordist (8 episodes 2022),none,none
Jamie Sulek,re-recording mixer (8 episodes 2022),none,none
Mike Tehrani,adr mixer (8 episodes 2022),none,none
Marcus Byrne,adr mixer (7 episodes 2022),none,none
Greg Crawford,adr mixer (7 episodes 2022),none,none
Juan Martin Del Campo,adr mixer (7 episodes 2022),none,none
Tim McKeever,adr mixer (7 episodes 2022),none,none
Simon Diggins,adr mixer (6 episodes 2022),none,none
Jonathan Gomez,adr mixer (4 episodes 2022),none,none
Nathan Jackson,foley editor (1 episode 2022),none,none
William Kellerman,foley artist (1 episode 2022),none,none
Leslie Liu,adr mixer (2 episodes 2022),none,none
Ana Quiroga,audio coordinator (uncredited) (8 episodes 2022),none,none
Dan Barcutean,special effects technician (8 episodes 2022),none,none
Max Costello,special effects technician (7 episodes 2022),none,none
Florin Stoian,special effects technician (8 episodes 2022),none,none
Harry Troughton,special effects coordinator (8 episodes 2022),none,none
Jason Troughton,special effects supervisor (8 episodes 2022),none,none
Adrian Nica,lead technician (4 episodes 2022),none,none
Ilinca Angelescu,special effects makeup (1 episode 2022),none,none
Yovko Dogandjiiski,special effects supervisor (2 episodes 2022),none,none
Antonia Tocheva,special effects office coordinator (2 episodes 2022),none,none
Matthew Adams,digital compositor: Ghost VFX Toronto (8 episodes 2022),none,none
Oana Bardan,visual effects coordinator (8 episodes 2022),none,none
Craig Calvert,visual effects supervisor: Mr. X (8 episodes 2022),none,none
Kevin Chandoo,head of studio: Ghost VFX Toronto (8 episodes 2022),none,none
Nick Colangelo,visual effects producer: Mr. X (8 episodes 2022),none,none
John Coldrick,visual effects supervisor: Rocket Science VFX (8 episodes 2022),none,none
Sam Cole,lighting lead: Mr. X (8 episodes 2022),none,none
Chris Cooper,cg supervisor: Mr. X (8 episodes 2022),none,none
Roger Dalupang,lead render wrangler/pipeline td (8 episodes 2022),none,none
Swedyl DSouza,visual effects production manager (8 episodes 2022),none,none
Maxime Ducharme,visual effects artist: MELS (2 episodes 2022),none,none
Paula Fanaia,digital compositor: Ghost VFX Toronto (8 episodes 2022),none,none
Mariah Fleetham,visual effects production assistant: Take 5 VFX (8 episodes 2022),none,none
Kathryn Foster,visual effects editor: Ghost VFX Toronto (8 episodes 2022),none,none
Ben Funk,lead compositor: Take 5 VFX (8 episodes 2022),none,none
Keith Goh,visual effects assistant editor: MPC (8 episodes 2022),none,none
Kari-Lyn Gravel,visual effects associate line producer: Stereo D (8 episodes 2022),none,none
Jon Howard,visual effects producer: Ghost VFX Toronto (6 episodes 2022),none,none
Kent Johnson,visual effects producer (8 episodes 2022),none,none
Anna Joukova,compositor: Take 5 VFX / visual effects compositor: Take 5 VFX (8 episodes 2022),none,none
Jesse Kawzenuk,on-set visual effects supervisor (8 episodes 2022),none,none
Grant Lee,visual effects supervisor: Stereo D (8 episodes 2022),none,none
Jake Lunt Davies,concept design (8 episodes 2022),none,none
Dumitrana Teodora Lupu,visual effects production assistant (8 episodes 2022),none,none
Amy Madigan,visual effects production manager: Stereo D (8 episodes 2022),none,none
Yael Majors,visual effects assistant supervisor: Stereo D (3 episodes 2022),none,none
Mariano Mendoza,assets lead: Mr. X (8 episodes 2022),none,none
Guillermo Molina,lead tools developer (8 episodes 2022),none,none
Skye Morandin,visual effects production manager: Stereo D (8 episodes 2022),none,none
Tom Nagy,animation supervisor: Mr. X (8 episodes 2022),none,none
Ken Nielsen,compositing supervisor: Ghost VFX Toronto (8 episodes 2022),none,none
Razvan Nineaca,data wrangler (8 episodes 2022),none,none
Anthony O'Connell,Render Wrangler (8 episodes 2022),none,none
Catalin Otelea,data wrangler (8 episodes 2022),none,none
Matei Ovejan,data wrangler (8 episodes 2022),none,none
Alessandro Pantanella,visual effects supervisor: Ghost VFX Toronto (8 episodes 2022),none,none
Travis Pond,compositor: Take 5 VFX (8 episodes 2022),none,none
Yawar Raja,layout lead: Mr. X (8 episodes 2022),none,none
Aditya Sawant,visual effects coordinator: Ghost VFX Toronto (8 episodes 2022),none,none
Matt Schofield,vfx head of operations (8 episodes 2022),none,none
Ksenia Shutova,compositor: Take 5 VFX (8 episodes 2022),none,none
Mark Simone,visual effects producer: Stereo D (8 episodes 2022),none,none
Denis St-Pierre,compositor: Take 5 VFX (8 episodes 2022),none,none
Ryan Terk,Senior Visual Effects Coordinator / visual effects coordinator: MELS (8 episodes 2022),none,none
Jason Teske,rigging lead: Mr. X (8 episodes 2022),none,none
Tom Turnbull,visual effects supervisor (8 episodes 2022),none,none
Fabi�n Varela,visual effects producer: Ghost VFX Toronto (8 episodes 2022),none,none
Kelly Weisz,visual effects studio manager: Take 5 VFX (8 episodes 2022),none,none
Angela Zhang,visual effects production manager: Mr. X (8 episodes 2022),none,none
Kayden Anderson,visual effects producer: Rocket Science VFX (7 episodes 2022),none,none
Eddie Englander,visual effects supervisor: Monsters Aliens Robots Zombies (2 episodes 2022),none,none
Rashid Khallouk,compositing lead: Mr. X (6 episodes 2022),none,none
Timothy Mah,visual effects editor: Rocket Science VFX (7 episodes 2022),none,none
Michael Osuszek,visual effects coordinator: Rocket Science VFX (7 episodes 2022),none,none
Rodrigo Paiva,compositing lead: Monsters Aliens Robots Zombies (1 episode 2022),none,none
Suresh Pandi,lead compositor: Rocket Science VFX / compositor: Rocket Science VFX (7 episodes 2022),none,none
Francois Robert,matchmove/layout artist: MELS (3 episodes 2022),none,none
Adam Smith,lead compositor: Rocket Science VFX (7 episodes 2022),none,none
Sarvesh Amre,visual effects production manager: NetFX Mumbai (6 episodes 2022),none,none
Beno�t Bri�re,visual effects supervisor: MELS (6 episodes 2022),none,none
Paul Chambers,assets supervisor: Monsters Aliens Robots Zombies (1 episode 2022),none,none
Dipak Gaur,digital compositor: Ghost VFX Toronto (6 episodes 2022),none,none
Taraknath Ghosh,paint artist: Stereo D (5 episodes 2022),none,none
Baz Lanaris,cg supervisor: MELS (6 episodes 2022),none,none
Prateek Mishra,paint artist: Stereo D (5 episodes 2022),none,none
Erin Nicholson,cg supervisor: Ghost VFX Toronto (6 episodes 2022),none,none
Bikram Singh,paint artist: Stereo D (5 episodes 2022),none,none
Khushroo Surveyor,visual effects lighter: Rocket Science VFX (5 episodes 2022),none,none
Ramesh Kumar Yanagandhula,paint artist: Stereo D (5 episodes 2022),none,none
Lynx Zuo,digital compositor: Ghost VFX Toronto (6 episodes 2022),none,none
Patti Gannon,compositor: Take 5 VFX (4 episodes 2022),none,none
Tanya Haddad,visual effects producer: Folks VFX (5 episodes 2022),none,none
JoAnna Johnson,compositor: Rocket Science VFX (4 episodes 2022),none,none
Luca Lim Diniz,visual effects artist: MELS (4 episodes 2022),none,none
Brodie McNeill,visual effects supervisor: Folks VFX (5 episodes 2022),none,none
Tabata Ortiz,visual effects artist: MELS (4 episodes 2022),none,none
Nishant Patel,visual effects lighter: Rocket Science VFX (1 episode 2022),none,none
Umapathy Rajarathinam,compositor: Rocket Science VFX (4 episodes 2022),none,none
Genesis Rivas,compositor: Take 5 VFX (4 episodes 2022),none,none
Manish Rohith,compositing artist: Monsters Aliens Robots Zombies (1 episode 2022),none,none
Luca Gabriele Rossetti,digital matte painter/environment supervisor: Monsters Aliens Robots Zombies (1 episode 2022),none,none
Salil Thapa,visual effects line producer: NetFX Mumbai (5 episodes 2022),none,none
Fran�ois Trudel,visual effects artist: MELS / visual effects supervisor: MELS (4 episodes 2022),none,none
Wesley While,compositor: Take 5 VFX (5 episodes 2022),none,none
Kaylie Whitcher,visual effects producer: Folks VFX (5 episodes 2022),none,none
Sarah Wormsbecher,visual effects executive producer: Folks VFX (5 episodes 2022),none,none
Summer Zong,cg supervisor: Folks VFX (5 episodes 2022),none,none
Oksana Andrulis,visual effects production manager: Folks VFX / animation coordinator: Folks VFX (3 episodes 2022),none,none
David Dionne,visual effects artist: MELS (2 episodes 2022),none,none
Josh George,fx lead: Folks VFX (3 episodes 2022),none,none
James Takashi Higuchi,lighting supervisor: Monsters Aliens Robots Zombies (1 episode 2022),none,none
Christopher Jude,compositor: Rocket Science VFX (3 episodes 2022),none,none
Jos� Lasa,compositor: Rocket Science VFX / visual effects lighter: Rocket Science VFX (3 episodes 2022),none,none
Marco Lee,compositing supervisor: Folks VFX (3 episodes 2022),none,none
Dinaaz Mathur,visual effects production coordinator: NetFX Mumbai (4 episodes 2022),none,none
Ben McDougal,surfacing lead: Monsters Aliens Robots Zombies (4 episodes 2022),none,none
Sumit Mukherjee,paint supervisor: NetFX Mumbai (4 episodes 2022),none,none
Isha Nigam,head of production: NetFX Mumbai (4 episodes 2022),none,none
Ryan Jae Wook Park,layout supervisor: Folks VFX (3 episodes 2022),none,none
Gustavo Sanchez-Perez,fx supervisor: Monsters Aliens Robots Zombies (1 episode 2022),none,none
Kyle Sim,head of 2d: Folks VFX (4 episodes 2022),none,none
Pankaj Umbarkar,junior paint lead: NetFX Mumbai (4 episodes 2022),none,none
Sahil Agrahari,junior paint artist: NetFX Mumbai (2 episodes 2022),none,none
Chris Archinet,visual effects artist: MELS (2 episodes 2022),none,none
Ajay Kumar Attinti,roto lead: NetFX Mumbai (3 episodes 2022),none,none
Samuel Boisvert,visual effects artist: MELS (2 episodes 2022),none,none
Reine Bourgault,visual effects artist: MELS (2 episodes 2022),none,none
Aakash Chaudhari,roto artist: NetFX Mumbai (2 episodes 2022),none,none
Dave David,animation artist: Monsters Aliens Robots Zombies (1 episode 2022),none,none
Amod Diwakar,assistant visual effects line producer: Stereo D / visual effects assistant line producer: Stereo D (3 episodes 2022),none,none
Nadine Fr�ve,lead visual effects editor: Folks VFX / visual effects editor: Folks VFX (2 episodes 2022),none,none
Mark Goldberg,compositor (2 episodes 2022),none,none
Leonardo Andres Grabau Villalba,visual effects artist: MELS (2 episodes 2022),none,none
Jonathan Gr�goire,visual effects artist: MELS (3 episodes 2022),none,none
Jeanne Hebert,visual effects artist: MELS (2 episodes 2022),none,none
Pravin Hodage,2d supervisor: NetFX Mumbai (2 episodes 2022),none,none
Cory Humes,animation supervisor: Folks VFX (3 episodes 2022),none,none
Siddarth Jambhulkar,compositor: Rocket Science VFX (2 episodes 2022),none,none
Mukesh Joshi,senior i/o coordinator: NetFX Mumbai (2 episodes 2022),none,none
Simon Lecavalier,cg supervisor: MELS (2 episodes 2022),none,none
Christophe Longtin,visual effects artist: MELS (2 episodes 2022),none,none
Oleg Memukhin,fx supervisor: Folks VFX (3 episodes 2022),none,none
Waseem Mohammed,head of central production: Monsters Aliens Robots Zombies (2 episodes 2022),none,none
Dany Richard,visual effects artist: MELS (2 episodes 2022),none,none
Nisarg Suthar,lighting supervisor: Folks VFX (3 episodes 2022),none,none
Nitesh Sutrave,compositing supervisor: NetFX Mumbai (3 episodes 2022),none,none
Sarvesh Talekar,roto artist: NetFX Mumbai (2 episodes 2022),none,none
Himani Tyagi,junior paint artist: NetFX Mumbai (2 episodes 2022),none,none
Waseem Ahmad Khan,paint artist: Stereo D (1 episode 2022),none,none
Rodrigo Albano,environment artist: Monsters Aliens Robots Zombies (1 episode 2022),none,none
Don Carlo Alvir,animation artist: Monsters Aliens Robots Zombies (1 episode 2022),none,none
Leanndro Amorim,compositing artist: Monsters Aliens Robots Zombies (1 episode 2022),none,none
Seshadri Anand,tracking/layout lead: Monsters Aliens Robots Zombies (1 episode 2022),none,none
Blake Anderson,visual effects supervisor: VFX Legion (1 episode 2022),none,none
Schuyler Anderson,tracking/layout lead: Monsters Aliens Robots Zombies (1 episode 2022),none,none
Edwin Arismendez,visual effects artist: MELS (2 episodes 2022),none,none
Jessica Bayliss,head of production: Monsters Aliens Robots Zombies (2 episodes 2022),none,none
Sudhakar Bhavanasi,deputy manager: Stereo D (1 episode 2022),none,none
Alan Bisht,compositing artist: NetFX Mumbai (1 episode 2022),none,none
William Blanchette,visual effects artist: MELS (1 episode 2022),none,none
Jordan Boulais,visual effects artist: MELS (2 episodes 2022),none,none
J. Alan Bradshaw,head of cg: Monsters Aliens Robots Zombies (2 episodes 2022),none,none
Peter Braeley,digital matte painter: Folks VFX (1 episode 2022),none,none
Charlotte Breton,visual effects editor: Folks VFX (1 episode 2022),none,none
Alex Bronfman,sales lead: Monsters Aliens Robots Zombies (2 episodes 2022),none,none
Jonathan Bronfman,head of studio: Monsters Aliens Robots Zombies (2 episodes 2022),none,none
Dennis Chan,animation artist: Monsters Aliens Robots Zombies (1 episode 2022),none,none
Hardik Chauhan,senior compositing artist: NetFX Mumbai (1 episode 2022),none,none
Molly Chen,assets artist: Monsters Aliens Robots Zombies (1 episode 2022),none,none
Sujesh V. Chitty,concept artist: Folks VFX (1 episode 2022),none,none
Nolan Conrad,digital compositor: VFX Legion (1 episode 2022),none,none
Andr�s Couturier,graphic artist: VFX Legion (1 episode 2022),none,none
Madhu Dasyapu,assistant roto supervisor: Stereo D (1 episode 2022),none,none
Rodrigo de Angelis,fx artist: Monsters Aliens Robots Zombies (1 episode 2022),none,none
Sofia Diaz,lighting artist: Monsters Aliens Robots Zombies (1 episode 2022),none,none
Maya Dumont-Deslandes,visual effects studio manager: MELS (1 episode 2022),none,none
Abdullah Ecirli,compositing artist: Monsters Aliens Robots Zombies (1 episode 2022),none,none
Manoj Kumar Elangovan,tracking & layout artist: Monsters Aliens Robots Zombies (1 episode 2022),none,none
Michael Enzbrunner,animation lead: Monsters Aliens Robots Zombies (1 episode 2022),none,none
Timothy Fleur,creature artist: Monsters Aliens Robots Zombies (1 episode 2022),none,none
Adam Fok,rigging lead: Monsters Aliens Robots Zombies (1 episode 2022),none,none
Gil Franco,assets artist: Monsters Aliens Robots Zombies (1 episode 2022),none,none
Emily Funk,assets artist: Monsters Aliens Robots Zombies (1 episode 2022),none,none
Antonio Gallardo,visual effects producer: VFX Legion (1 episode 2022),none,none
Gregory Galliani,modeling lead: Monsters Aliens Robots Zombies (1 episode 2022),none,none
Igor Garanovschii,matte painter: Rocket Science VFX (1 episode 2022),none,none
Kunal Ghai,paint artist: Stereo D (1 episode 2022),none,none
Rakan Ghresi,fx artist: Monsters Aliens Robots Zombies (1 episode 2022),none,none
Jimmy Gill,animation artist: Monsters Aliens Robots Zombies (1 episode 2022),none,none
Yash Gowda,head of 2d: Monsters Aliens Robots Zombies (2 episodes 2022),none,none
Jameer Haider,paint artist: NetFX Mumbai (1 episode 2022),none,none
Lewis Hawkes,rigging lead: Monsters Aliens Robots Zombies (1 episode 2022),none,none
Jim Hillin,visual effects lighter Ghost VFX Toronto (1 episode 2022),none,none
Curtis Hsiung,animator: Rocket Science VFX (2 episodes 2022),none,none
Chen Kuang Hsu,tracking & layout artist: Monsters Aliens Robots Zombies (1 episode 2022),none,none
Salvatore Iamonte,rigging artist: Monsters Aliens Robots Zombies (1 episode 2022),none,none
Pragati Jana,paint artist: Stereo D (1 episode 2022),none,none
Juyong Jeon,visual effects artist (2 episodes 2022),none,none
Kenny Jia,digital matte painter lead: Monsters Aliens Robots Zombies (1 episode 2022),none,none
Laszlo Kalbache,asset artist: Rocket Science VFX (1 episode 2022),none,none
Ashraf Karim,senior compositing artist: NetFX Mumbai (1 episode 2022),none,none
Sharad Kate,paint artist: Stereo D (1 episode 2022),none,none
Min Kim,compositing supervisor: Folks VFX (2 episodes 2022),none,none
Jamie Knoop,visual effects production assistant: Stereo D (1 episode 2022),none,none
Ashwini Lad,visual effects administrator: Stereo D (1 episode 2022),none,none
Nadege Lagueux-Beloin,visual effects artist: MELS (1 episode 2022),none,none
Tukaram Landbale,roto artist: NetFX Mumbai (1 episode 2022),none,none
Dany Lebrasseur,visual effects artist: MELS (1 episode 2022),none,none
Kate T.C. Lin,digital compositor: VFX Legion (1 episode 2022),none,none
Matthias Lowry,digital compositor: VFX Legion (1 episode 2022),none,none
Jimmy Lue,visual effects coordinator: Folks VFX (1 episode 2022),none,none
Jim Maxwell,matte painter: Take 5 VFX (2 episodes 2022),none,none
Jay Mehta,paint artist: NetFX Mumbai (1 episode 2022),none,none
Kristine Middlemiss,head of technology: Monsters Aliens Robots Zombies (2 episodes 2022),none,none
Ali Mio,visual effects producer: Rocket Science VFX (2 episodes 2022),none,none
Guto Miranda,compositing artist: Monsters Aliens Robots Zombies (1 episode 2022),none,none
Vashishta Mohit,compositing artist: NetFX Mumbai (1 episode 2022),none,none
Lon Molnar,head of studio: Monsters Aliens Robots Zombies (2 episodes 2022),none,none
Jose Ignacio Narv�ez Monroy,compositing lead: Mr. X (2 episodes 2022),none,none
Atyeb Muneer,compositing artist: Monsters Aliens Robots Zombies (1 episode 2022),none,none
Ganesh Ramdas Nalle,senior roto artist: NetFX Mumbai (1 episode 2022),none,none
Michael Naphan,layout artist: Rocket Science VFX (1 episode 2022),none,none
Marla Oriol,lighting artist: Monsters Aliens Robots Zombies (1 episode 2022),none,none
Daksh Pandya,visual effects artist (2 episodes 2022),none,none
Niki Patterson,data technician: Stereo D (1 episode 2022),none,none
Aravind Pauldurai,compositing artist: Monsters Aliens Robots Zombies (1 episode 2022),none,none
Victor Perez,animation artist: Monsters Aliens Robots Zombies (1 episode 2022),none,none
Navin Pinto,rigging artist: Monsters Aliens Robots Zombies (1 episode 2022),none,none
Norman Ran,fx lead: Rocket Science VFX (1 episode 2022),none,none
Parastu Rezaie,lighting lead: Monsters Aliens Robots Zombies (1 episode 2022),none,none
Jean-Christophe Rodier,rigging artist: Monsters Aliens Robots Zombies (1 episode 2022),none,none
Dmitry Ryabchuk,environment lead: Monsters Aliens Robots Zombies (1 episode 2022),none,none
Maryam Salehi,i/o: MELS (1 episode 2022),none,none
Rajvinder Sandhu,lighting artist: Monsters Aliens Robots Zombies (1 episode 2022),none,none
Eric Sanford,creature lead: Monsters Aliens Robots Zombies (1 episode 2022),none,none
Rohan Sapkal,junior roto artist: NetFX Mumbai (1 episode 2022),none,none
Alexandre Savard-Boisvert,digital compositor (1 episode 2022),none,none
Mark Schreiber,animator (1 episode 2022),none,none
Aryan Sehgal,utility compositor (1 episode 2022),none,none
Ronak Shah,fx lead: Monsters Aliens Robots Zombies (1 episode 2022),none,none
Neelima Sharma,compositor: NetFX Mumbai (1 episode 2022),none,none
Vishal Shitole,i/o coordinator: NetFX Mumbai (1 episode 2022),none,none
Casey Sincic,visual effects producer: Monsters Aliens Robots Zombies (2 episodes 2022),none,none
Lovelesh Singh,compositing artist: NetFX Mumbai (1 episode 2022),none,none
Kalpana Mahapatro Siromani,art director & mattepainting lead (1 episode 2022),none,none
Joseph Soloway,visual effects coordinator: VFX Legion (1 episode 2022),none,none
Meredith Sproul,show coordinator: Monsters Aliens Robots Zombies (1 episode 2022),none,none
Danny Testani,animation artist: Monsters Aliens Robots Zombies (1 episode 2022),none,none
Ali Thaheem,creature artist: Monsters Aliens Robots Zombies (1 episode 2022),none,none
Hyacinthe Thomas,i/o: MELS (1 episode 2022),none,none
Phillip Thomas,animation artist: Monsters Aliens Robots Zombies (1 episode 2022),none,none
Susana Vasquez,visual effects production coordinator: Take 5 VFX (2 episodes 2022),none,none
Marcus Vinicius,i/o: MELS (1 episode 2022),none,none
Louis Vottero,rigging lead: Monsters Aliens Robots Zombies (1 episode 2022),none,none
Tina Vuu,visual effects coordinator: VFX Legion (1 episode 2022),none,none
Tanja Wax,fx artist: Rocket Science VFX (1 episode 2022),none,none
Christina Wise,head of studio: MELS (1 episode 2022),none,none
Jill Wu,digital matte painter: Monsters Aliens Robots Zombies (1 episode 2022),none,none
Alphonso Young,matte painter: Take 5 VFX (2 episodes 2022),none,none
Refo Yovarda,visual effects production assistant: Stereo D (1 episode 2022),none,none
Virpalsinh Zala,compositing artist: Monsters Aliens Robots Zombies (1 episode 2022),none,none
Abin Abraham,assets lead: MPC (uncredited) (8 episodes 2022),none,none
Adrian Bobb,creature artist (uncredited) (8 episodes 2022),none,none
Eddie Bonin,visual effects executive: Netflix (uncredited) (8 episodes 2022),none,none
R�mi Bruschini,pipeline td (uncredited) (8 episodes 2022),none,none
Binod Kumar Das,asset supervisor: MPC (uncredited) (8 episodes 2022),none,none
Tiago Foa,imaging engineer: Mr. X (uncredited) (8 episodes 2022),none,none
Jaime Fok,visual effects editorial lead (uncredited) (8 episodes 2022),none,none
J.P. Giamos,head of production: Rocket Science VFX (uncredited) (8 episodes 2022),none,none
Martin Hesselink,Animation Supervisor (uncredited) (8 episodes 2022),none,none
Rushikesh Chandrashekhar Kamble,3d digital matte painter (uncredited) (8 episodes 2022),none,none
Daniel May,visual effects art direction (uncredited) (8 episodes 2022),none,none
Rachad Meya,lighting supervisor (uncredited) (8 episodes 2022),none,none
Shoupal Panda,texture & lookdev artist (uncredited) (8 episodes 2022),none,none
Josephin Peichl,visual effects coordinator: Netflix (uncredited) (8 episodes 2022),none,none
Rakesh,3d digital matte painter lead (uncredited) (8 episodes 2022),none,none
Kim Rampaul,visual effects coordinator: Netflix (uncredited) (8 episodes 2022),none,none
Saha Saikat,texturing & lookdev artist (uncredited) (7 episodes 2022),none,none
Seema Schere,matte painter: Monsters Aliens Robots Zombies (uncredited) (8 episodes 2022),none,none
Surajit Senapati,3d artist (uncredited) (8 episodes 2022),none,none
Satyendra Sharma,compositor: MPC (uncredited) (8 episodes 2022),none,none
Prathamesh Ashok Waykole,asset artist: MPC (uncredited) (8 episodes 2022),none,none
Dean Wright,visual effects executive: MGM Television (uncredited) (8 episodes 2022),none,none
Dylan Botnarenko,digital matte painter: MPC (uncredited) (6 episodes 2022),none,none
Arjun Jasmeet Chawla,digital compositor: MPC (uncredited) (5 episodes 2022),none,none
Dennis Tae Wook Kim,digital compositor (uncredited) (5 episodes 2022),none,none
Hoss Ghaith,cg supervisor (uncredited) (3 episodes 2022),none,none
Solyi Ha,compositor: Folks VFX (uncredited) (4 episodes 2022),none,none
Caylee Han,compositor: Folks VFX (uncredited) (4 episodes 2022),none,none
Krista Wettlaufer,digital artist (uncredited) (3 episodes 2022),none,none
Christopher Lee Zammit,concept artist (uncredited) (4 episodes 2022),none,none
Felipe Baldo,lighting artist: Folks VFX (uncredited) (3 episodes 2022),none,none
Marc-Antoine Blais,digital compositor (uncredited) (2 episodes 2022),none,none
Adrien Francomme,digital compositor (uncredited) (2 episodes 2022),none,none
Eduardo Gon�alves,digital compositor: Monsters Aliens Robots Zombies (uncredited) (2 episodes 2022),none,none
Alexander Greenberg,senior compositor: Monsters Aliens Robots Zombies (uncredited) (2 episodes 2022),none,none
Prashant Jain,3d digital matte painter (uncredited) (3 episodes 2022),none,none
Hossein Karamian,compositor: Monsters Aliens Robots Zombies (uncredited) (2 episodes 2022),none,none
Giuseppe Motta,creature supervisor (uncredited) (3 episodes 2022),none,none
Chokkarapu Sai Pradeep,visual effects lighting artist (uncredited) (2 episodes 2022),none,none
Pedro Roloff,digital compositor (uncredited) (2 episodes 2022),none,none
Ilija Sazdovski,layout artist (uncredited) (3 episodes 2022),none,none
Jason Schick,digital compositor (uncredited) (2 episodes 2022),none,none
Christa Tazzeo,visual effects executive producer: Rocket Science VFX (uncredited) (3 episodes 2022),none,none
Sekh Batul Ali,visual effects artist (uncredited) (1 episode 2022),none,none
Luca Buonopane,key groom artist: MPC (uncredited) (1 episode 2022),none,none
Julian Fadalti,layout artist (uncredited) (1 episode 2022),none,none
Nitin Garg,senior lookdev artist: Folks VFX (uncredited) (1 episode 2022),none,none
Avinash Kodali,lighting artist (uncredited) (1 episode 2022),none,none
Genevieve Morneau,digital compositor: MELS (uncredited) (1 episode 2022),none,none
Alex Park,matchmove artist: Folks VFX (uncredited) (1 episode 2022),none,none
Evan Roberts,lighting artist (uncredited) (1 episode 2022),none,none
Pavankumar Sagiraju,lighting artist (uncredited) (1 episode 2022),none,none
Yulia Segura,compositor: Folks VFX (uncredited) (1 episode 2022),none,none
Amarjit Singha,3d artist (uncredited) (1 episode 2022),none,none
Brett Chan,stunt coordinator (8 episodes 2022),none,none
Ionut Cotruta,stunt rigger (8 episodes 2022),none,none
Jason Ng,assistant stunt coordinator / cover stunt coordinator (8 episodes 2022),none,none
Jenny Umbhau,stunt double: Jenna Ortega (8 episodes 2022),none,none
Fanel Ursu,stunt rigger (8 episodes 2022),none,none
Andrei Vintileanu,stunt rigger (8 episodes 2022),none,none
Daniel Visan,stunts (8 episodes 2022),none,none
Nailah Johnson,stunt double: Joy Sunday / stunt performer (2 episodes 2022),none,none
Kinga Kives,stunt performer (3 episodes 2022),none,none
Alexandre Lopoka,stunt double: Tommie Earl Jenkins (2 episodes 2022),none,none
Milena Brewster,stunt double: Johnna Dias-Watson (1 episode 2022),none,none
Maxime Coulon,stunt double: Calum Ross (1 episode 2022),none,none
Gabrielle Anne Desy,stunt double: Emma Myers (1 episode 2022),none,none
Victoria Goodman,stunt performer (1 episode 2022),none,none
Daniel Himschoot,stunt double: Percy White (1 episode 2022),none,none
Matt Kennedy,stunt performer (1 episode 2022),none,none
Kaanchana Kerr,stunt performer (2 episodes 2022),none,none
Darlene Pineda,stunt performer (1 episode 2022),none,none
Phedra Syndelle,stunt double: Joy Sunday (1 episode 2022),none,none
Alexandra Vilcsek,stunt performer (1 episode 2022),none,none
Don�t B�nkuti,digital imaging technician: second unit (8 episodes 2022),none,none
Vlad Cioplea,still photographer (8 episodes 2022),none,none
David Dorohoianu,second photography assistant (8 episodes 2022),none,none
Omar Dughouz,"second assistant camera: ""a"" camera (8 episodes 2022)",none,none
D�niel Farkas,digital imaging technician (8 episodes 2022),none,none
Robert Fenichiu,electrician / lighting technician (8 episodes 2022),none,none
Cristi Fratoaica,second assistant camera: second unit (8 episodes 2022),none,none
Toni Ilinca,video operator (8 episodes 2022),none,none
Ochiana Ionut,video assist operator (8 episodes 2022),none,none
Andrei Karastanef,"second assistant camera: ""a"" camera (8 episodes 2022)",none,none
Brad Larner,"first assistant camera: ""a"" camera (8 episodes 2022)",none,none
Tudor Lucaciu,director of photography: second unit (8 episodes 2022),none,none
Radu Marinescu,key grip (8 episodes 2022),none,none
Florin Mihalache,gaffer (8 episodes 2022),none,none
Mihai Adrian Olteanu,best boy electric (8 episodes 2022),none,none
Andrei Petrescu,electrician (8 episodes 2022),none,none
Liviu Pojoni Jr.,"camera operator: ""b"" camera (8 episodes 2022)",none,none
Florea Andrei Stefan,dimmerboard operator/lighting console programmer (8 episodes 2022),none,none
Viorel Stefan,crane operator (8 episodes 2022),none,none
Adelina Vancea,camera trainee (8 episodes 2022),none,none
Petre Victor,"camera operator: ""b"" camera (8 episodes 2022)",none,none
Rob Arrowsmith,"camera operator: ""a"" camera/steadicam operator main unit (4 episodes 2022)",none,none
Andrei Cretan,"first assistant camera: ""b"" camera (4 episodes 2022)",none,none
Fabrizio Sciarra,"camera operator: ""a"" camera/steadicam operator main unit (4 episodes 2022)",none,none
Boroka Biro,director of photography: epk (2 episodes 2022),none,none
Valdas Gulbinauskas,video assistant: additional photography (2 episodes 2022),none,none
Matei Popa,second assistant camera: second unit (2 episodes 2022),none,none
S�ndor �rkus,data management technician (2 episodes 2022),none,none
Cornel Biciu,underwater gaffer (1 episode 2022),none,none
Neil Bradley,ronin 2 technician: additional photography (1 episode 2022),none,none
Alexandru Durac,"camera operator: ""a"" camera/steadicam operator (1 episode 2022)",none,none
Sarbu Gigi,key grip: second unit (1 episode 2022),none,none
Ben Parish,underwater assistant camera (1 episode 2022),none,none
Aurelian Radu,grip (2 episodes 2022),none,none
Ian Seabrook,underwater director of photography (1 episode 2022),none,none
Constantin Stan,second unit (1 episode 2022),none,none
Alexandru Bogdan Stefan,crane technician (2 episodes 2022),none,none
Bal�zs V�rszegi,data management technician (2 episodes 2022),none,none
Jens Winkler,underwater assistant camera (1 episode 2022),none,none
Catalin Popa,photography assistant (uncredited) (8 episodes 2022),none,none
Peter Driscoll,key animator (1 episode 2022),none,none
Whitney Strouth,animator (uncredited) (1 episode 2022),none,none
Emily Bohbrink,casting associate (8 episodes 2022),none,none
Sin�ad Donnelly,casting assistant: Jenna Ortega (8 episodes 2022),none,none
Radu Dragoi,casting assistant (8 episodes 2022),none,none
Frankie Fearis,casting assistant (8 episodes 2022),none,none
Olissa Rogers,casting associate: Jenna Ortega (8 episodes 2022),none,none
Chandra Ruegg,casting associate (8 episodes 2022),none,none
Fiona Weir,casting: Jenna Ortega (8 episodes 2022),none,none
Sarah Wilson,casting associate (8 episodes 2022),none,none
Maddalena Zuppetta,casting assistant (8 episodes 2022),none,none
George Ludlow,casting associate (3 episodes 2022),none,none
Ioana Albaiu,wardrobe supervisor (8 episodes 2022),none,none
Madalina Anton,breakdown artist (8 episodes 2022),none,none
Mattia Bionda,principal costume cutter (8 episodes 2022),none,none
Mariana Bujoi,costumer (8 episodes 2022),none,none
Maria Ciucanu,wardrobe mistress (8 episodes 2022),none,none
Ylenia Comerci,principal seamstress (8 episodes 2022),none,none
Lavinia Dedu,set costumer (8 episodes 2022),none,none
Constantinescu Denisa,wardrobe assistant (8 episodes 2022),none,none
Andreea Dinu,principal standby (8 episodes 2022),none,none
Maria Endara,senior costume maker (8 episodes 2022),none,none
Cristina Ghergheli,set costumer (8 episodes 2022),none,none
Megan Howell,senior costume maker (8 episodes 2022),none,none
Daniela Ilin,set costumer (8 episodes 2022),none,none
Benjamin Ip,costume concept artist (8 episodes 2022),none,none
Ana Lazar,wardrobe assistant (8 episodes 2022),none,none
Paula Lazaroni,breackdown artist (8 episodes 2022),none,none
Twan Lentjes,principal costume maker (8 episodes 2022),none,none
Ioana Mihailescu,wardrobe assistant / crowd standby costumer / crowd stand-by costumer (8 episodes 2022),none,none
Alessio O'Driscoll,principle costume cutter (8 episodes 2022),none,none
Ioana Somanescu,principal standby (8 episodes 2022),none,none
Bobby Soutar,assistant costume designer (8 episodes 2022),none,none
Mark Sutherland,costume co-designer (8 episodes 2022),none,none
Beth Tilley,senior costume maker (8 episodes 2022),none,none
Jess Willcock-Stow,junior assistant costume designer / junior assistant costume designerr (8 episodes 2022),none,none
Elizabeta Zainea,wardrobe assistant (8 episodes 2022),none,none
Marta Airoli,principal seamstress (5 episodes 2022),none,none
Ian Frazer Wallace,principle cutter (5 episodes 2022),none,none
Adina Bucur,costume supervisor (4 episodes 2022),none,none
Claudia Littlefield,costume supervisor (3 episodes 2022),none,none
Alina Caprian,additional costumer (1 episode 2022),none,none
Madison D'Urbano,post-production assistant: Marc Graue Recording Studios (8 episodes 2022),none,none
Bogdan Geambasu,dailies operator (8 episodes 2022),none,none
Katherine Hul,post production supervisor (8 episodes 2022),none,none
Razvan Ilinca,assistant editor (8 episodes 2022),none,none
Tom Mayclim,data manager: Company 3 (8 episodes 2022),none,none
Ian Passy,Color Assistant (8 episodes 2022),none,none
Sebastian Plamadeala,dailies supervisor (8 episodes 2022),none,none
Carmen Rizac,dailies coordinator (8 episodes 2022),none,none
Joanne Rourke,senior colorist (7 episodes 2022),none,none
Alexandru Stoica,dailies operator (8 episodes 2022),none,none
Ian Sullivan,finishing accountant (8 episodes 2022),none,none
Lavinia Terletchi,assistant editor (8 episodes 2022),none,none
Viktorija Tupikaite,data i/o operator (8 episodes 2022),none,none
Motassem Younes,on-line editor (8 episodes 2022),none,none
Galina Chakarova,first assistant editor (4 episodes 2022),none,none
Mihai Cosmin Popa,first assistant editor (4 episodes 2022),none,none
Paul G. Day,additional editor (1 episode 2022),none,none
Cristi Dogaru,assistant location manager (8 episodes 2022),none,none
Calin Hagima,location manager (8 episodes 2022),none,none
Tracey Savein,location scout (8 episodes 2022),none,none
Alex Molea,supervising location manager (4 episodes 2022),none,none
Mircea Paraschiv,location manager (4 episodes 2022),none,none
Florin Patrascu,assistant location manager (4 episodes 2022),none,none
Chris Bacon,composer: additional music (8 episodes 2022),none,none
Sarah Chapeck,music coordinator (8 episodes 2022),none,none
Norbert Elek,music preparation (8 episodes 2022),none,none
Danny Elfman,theme music composer (8 episodes 2022),none,none
Peter Kohrman,technical score engineer (8 episodes 2022),none,none
Jen Malone,music supervisor (8 episodes 2022),none,none
Mandy Mamlet,music executive (8 episodes 2022),none,none
�lveti M�ty�s,cello solos by (8 episodes 2022),none,none
Michael T. Ryan,music editor (8 episodes 2022),none,none
B�lint Sapszon,contractor for Budapest Scoring (8 episodes 2022),none,none
Viktor Szab�,recording engineer (8 episodes 2022),none,none
Nicole Weisberg,music supervisor (8 episodes 2022),none,none
Shachar Boussani,score mix assistant (6 episodes 2022),none,none
Robert Litton,orchestrator (6 episodes 2022),none,none
Noah Scot Snyder,music scoring mixer (6 episodes 2022),none,none
Esin Aydingoz,arranger (3 episodes 2022),none,none
Hemanth965,orchestrator: theme melody (3 episodes 2022),none,none
Steve Bartek,orchestrator (2 episodes 2022),none,none
Bence Bob�k,score engineer (2 episodes 2022),none,none
David G. Russell,conforming (2 episodes 2022),none,none
Greg Hayes,music scoring mixer (1 episode 2022),none,none
Bri Holland,singer (1 episode 2022),none,none
Alfredo Pasquel,score mix assistant (1 episode 2022),none,none
Cristina B�lea,assistant script supervisor (8 episodes 2022),none,none
Monica Tatu,script supervisor (8 episodes 2022),none,none
Daniel Sipocz,service driver (8 episodes 2022),none,none
Pal Szil�rd Levente,unit driver (8 episodes 2022),none,none
Priscila Amescua-Mendez,Support to co executive producer (8 episodes 2022),none,none
Dogaru Silviu Andrei,unit production assistant / unit set assistant (8 episodes 2022),none,none
Aaron Becker,main title design (8 episodes 2022),none,none
Gergo Benkoczy,dog trainer (8 episodes 2022),none,none
Dascalu Bogdan,unit production assistant (8 episodes 2022),none,none
Teo Bostanica,unit manager (8 episodes 2022),none,none
Alexandra Cranga,petty cash accountant (8 episodes 2022),none,none
Razvana Cristescu,first assistant accountant (8 episodes 2022),none,none
Claudia Dediu,producer's assistant (8 episodes 2022),none,none
Penny Dyer,dialect coach (8 episodes 2022),none,none
Zoltan Horkai,head animal trainer (8 episodes 2022),none,none
Ana Ineni,production secretary (8 episodes 2022),none,none
Emanuel Gabriel Ion,testing coordinator assistant (8 episodes 2022),none,none
Gavriloaia Irina,assistant contracts coordinator (8 episodes 2022),none,none
Peter Ivanyi,head animal trainer (8 episodes 2022),none,none
Austin Kircher,post-production accountant (8 episodes 2022),none,none
Christopher Landry,epk host (8 episodes 2022),none,none
Nelson Moses Lassiter,production administration assistant (8 episodes 2022),none,none
Ioana Macarie,choreographer (8 episodes 2022),none,none
Cosmin Manea,payroll accountant (8 episodes 2022),none,none
Elle McAlpine,intimacy coordinator (8 episodes 2022),none,none
Troy James Miller,titles producer: Filmograph (8 episodes 2022),none,none
Dan Mirea,unit operations (8 episodes 2022),none,none
Ioana Mititelu,assistant production coordinator (8 episodes 2022),none,none
Kristine Popovici,office production assistant (8 episodes 2022),none,none
Aurel Nicolae Radu,assistant accountant (8 episodes 2022),none,none
Olesea Railean,production accountant (8 episodes 2022),none,none
Adrian Sabau,production coordinator (8 episodes 2022),none,none
Iulia Anamaria Sima,contracts coordinator (8 episodes 2022),none,none
Daniela Soare,production assistant (8 episodes 2022),none,none
Adam M. Stone,product placement coordinator (8 episodes 2022),none,none
Cat Stone,product placement coordinator (8 episodes 2022),none,none
Georgiana Tamaga,travel coordinator (8 episodes 2022),none,none
Logi Thorvaldsson,actors assistant (8 episodes 2022),none,none
Toria Turner,executive assistant (8 episodes 2022),none,none
Tony Wright,international liaison (8 episodes 2022),none,none
Bianca Bumbacea,basecamp runner (7 episodes 2022),none,none
Lindsay Moffat,production accountant (4 episodes 2022),none,none
Gunnar Sizemore,adr voice actor (4 episodes 2022),none,none
Bacula Sorin,caterer (3 episodes 2022),none,none
Monica Adam,petty cash (2 episodes 2022),none,none
Liliana Chomsky,adr loop group (2 episodes 2022),none,none
Vanessa Coffey,intimacy coordinator (2 episodes 2022),none,none
Marius Florescu,covid supervisor (2 episodes 2022),none,none
Marilyn Lindsay,prep accountant (2 episodes 2022),none,none
Rhidian Bridge,covid supervisor (1 episode 2022),none,none
Bianca Bumvacea,basecamp runner (1 episode 2022),none,none
Luke Carroll,production secretary: additional photography (1 episode 2022),none,none
Ahmed El-Gallad,writer (1 episode 2022),none,none
Jorge Garcia Castro,consultant (1 episode 2022),none,none
Adam Lannon,covid manager (1 episode 2022),none,none
Sarah McGuinness,dialect coach: James Clay Caroline Lawrie (1 episode 2022),none,none
Annabel Wilkin,first assistant accountant: UK (1 episode 2022),none,none
Eugene Shawn,assistant (uncredited) (8 episodes 2022),none,none
Ana Duarte,assistant to casting director (uncredited) (1 episode 2022),none,none
Isaac Sunderland,covid coordinator (uncredited) (1 episode 2022),none,none
